Method,Modality,Type,Subject,Dice,IoU,n_comp_2d,max_comp_slice,n_slices_multi,n_slices_fg,frac_slices_multi
AttUNet_checkpoint-48,otherscanners,ses-01,anat,0.9214979410171509,0.8544238805770874,44,2,2,42,0.047619047619047616
AttUNet_checkpoint-48,otherscanners,ses-01,anat,0.9097670912742615,0.8344704508781433,46,2,2,44,0.045454545454545456
AttUNet_checkpoint-48,otherscanners,ses-01,anat,0.8329570293426514,0.7137329578399658,36,2,2,34,0.058823529411764705
AttUNet_checkpoint-48,otherscanners,ses-01,anat,0.8987924456596375,0.8161880970001221,51,4,4,45,0.08888888888888889
AttUNet_checkpoint-48,otherscanners,ses-01,anat,0.8586156964302063,0.7522581815719604,50,5,3,43,0.06976744186046512
AttUNet_checkpoint-48,otherscanners,ses-01,anat,0.8002223372459412,0.6669754981994629,58,11,5,36,0.1388888888888889
AttUNet_checkpoint-48,otherscanners,ses-01,anat,0.9029481410980225,0.8230679035186768,56,3,5,50,0.1
AttUNet_checkpoint-48,otherscanners,ses-01,anat,0.8816668391227722,0.7883758544921875,47,2,2,45,0.044444444444444446
AttUNet_checkpoint-48,otherscanners,ses-01,anat,0.8061773180961609,0.6752907037734985,54,9,6,34,0.17647058823529413
AttUNet_checkpoint-48,otherscanners,ses-01,anat,0.9363005757331848,0.8802304267883301,63,2,5,58,0.08620689655172414
AttUNet_checkpoint-48,otherscanners,ses-01,anat,0.9435335397720337,0.8931032419204712,66,7,5,56,0.08928571428571429
AttUNet_checkpoint-48,otherscanners,ses-01,anat,0.9263980984687805,0.8628878593444824,57,2,3,54,0.05555555555555555
AttUNet_checkpoint-48,otherscanners,ses-01,anat,0.9024267792701721,0.8222019076347351,61,4,9,49,0.1836734693877551
AttUNet_checkpoint-48,otherscanners,ses-01,anat,0.9120544791221619,0.8383273482322693,60,3,9,47,0.19148936170212766
AttUNet_checkpoint-48,otherscanners,ses-01,anat,0.902877151966095,0.8229498863220215,57,4,8,46,0.17391304347826086
AttUNet_checkpoint-48,otherscanners,ses-01,anat,0.9054616689682007,0.8272544145584106,79,4,12,62,0.1935483870967742
AttUNet_checkpoint-48,otherscanners,ses-01,anat,0.9030427932739258,0.823225200176239,86,6,13,62,0.20967741935483872
AttUNet_checkpoint-48,otherscanners,ses-01,anat,0.8864890336990356,0.7961206436157227,86,9,12,58,0.20689655172413793
AttUNet_checkpoint-48,otherscanners,ses-01,anat,0.953558087348938,0.911238431930542,56,1,0,56,0.0
AttUNet_checkpoint-48,otherscanners,ses-01,anat,0.9453482627868652,0.8963606357574463,69,3,3,65,0.046153846153846156
AttUNet_checkpoint-48,otherscanners,ses-01,anat,0.9181968569755554,0.8487651348114014,64,5,5,52,0.09615384615384616
AttUNet_checkpoint-48,otherscanners,ses-01,anat,0.9377079606056213,0.882721483707428,63,4,6,52,0.11538461538461539
AttUNet_checkpoint-48,otherscanners,ses-01,anat,0.9271836876869202,0.8642520308494568,61,4,6,50,0.12
AttUNet_checkpoint-48,otherscanners,ses-01,anat,0.8816490769386292,0.7883474230766296,63,6,9,45,0.2
AttUNet_checkpoint-48,otherscanners,ses-01,anat,0.9463456273078918,0.898155689239502,61,2,2,59,0.03389830508474576
AttUNet_checkpoint-48,otherscanners,ses-01,anat,0.9432016611099243,0.8925086855888367,60,2,3,57,0.05263157894736842
AttUNet_checkpoint-48,otherscanners,ses-01,anat,0.8938183188438416,0.8080212473869324,103,6,23,62,0.3709677419354839
AttUNet_checkpoint-48,otherscanners,ses-01,anat,0.9380566477775574,0.8833396434783936,79,3,6,72,0.08333333333333333
AttUNet_checkpoint-48,otherscanners,ses-01,anat,0.9415728449821472,0.8895962834358215,72,2,3,69,0.043478260869565216
AttUNet_checkpoint-48,otherscanners,ses-01,anat,0.9260797500610352,0.8623356819152832,80,4,8,64,0.125
AttUNet_checkpoint-48,otherscanners,ses-01,anat,0.9487950205802917,0.9025785326957703,64,2,3,61,0.04918032786885246
AttUNet_checkpoint-48,otherscanners,ses-01,anat,0.9498904943466187,0.9045632481575012,68,3,5,62,0.08064516129032258
AttUNet_checkpoint-48,otherscanners,ses-01,anat,0.9379400610923767,0.8831328749656677,72,5,4,61,0.06557377049180328
AttUNet_checkpoint-48,otherscanners,ses-01,anat,0.9503684639930725,0.9054306149482727,80,2,1,79,0.012658227848101266
AttUNet_checkpoint-48,otherscanners,ses-01,anat,0.9503633975982666,0.9054213762283325,79,2,1,78,0.01282051282051282
AttUNet_checkpoint-48,otherscanners,ses-01,anat,0.9475024938583374,0.9002419710159302,75,1,0,75,0.0
AttUNet_checkpoint-48,otherscanners,ses-01,anat,0.9603905081748962,0.9237992763519287,64,2,1,63,0.015873015873015872
AttUNet_checkpoint-48,otherscanners,ses-01,anat,0.9606648087501526,0.9243070483207703,66,2,1,65,0.015384615384615385
AttUNet_checkpoint-48,otherscanners,ses-01,anat,0.9606355428695679,0.9242528080940247,67,2,2,65,0.03076923076923077
AttUNet_checkpoint-48,otherscanners,ses-01,anat,0.9186887145042419,0.8496061563491821,22,2,2,20,0.1
AttUNet_checkpoint-48,otherscanners,ses-01,anat,0.9177573919296265,0.8480144739151001,20,2,1,19,0.05263157894736842
AttUNet_checkpoint-48,otherscanners,ses-01,anat,0.8802242279052734,0.7860718965530396,23,5,2,18,0.1111111111111111
AttUNet_checkpoint-48,otherscanners,ses-01,anat,0.9164693355560303,0.8458175659179688,22,2,1,21,0.047619047619047616
AttUNet_checkpoint-48,otherscanners,ses-01,anat,0.9181241393089294,0.8486409187316895,21,2,1,20,0.05
AttUNet_checkpoint-48,otherscanners,ses-01,anat,0.8875609636306763,0.7978513240814209,21,2,1,20,0.05
AttUNet_checkpoint-48,otherscanners,ses-01,anat,0.9023749232292175,0.8221157789230347,20,2,1,19,0.05263157894736842
AttUNet_checkpoint-48,otherscanners,ses-01,anat,0.9024485945701599,0.8222381472587585,20,2,1,19,0.05263157894736842
AttUNet_checkpoint-48,otherscanners,ses-01,anat,0.8737205266952515,0.7757582068443298,21,5,1,17,0.058823529411764705
