field,volume,subject,te,slice,dice_pre,dice_ft
lowfield,sub-003_ses-01_acq-ax_run-07_T2w,sub-003,TE3,9,0.0060901339165866375,0.968189001083374
lowfield,sub-003_ses-01_acq-ax_run-07_T2w,sub-003,TE3,10,0.0,0.9459552764892578
lowfield,sub-003_ses-01_acq-cor_run-08_T2w,sub-003,TE3,10,0.017167381942272186,0.9514298439025879
lowfield,sub-003_ses-01_acq-cor_run-08_T2w,sub-003,TE3,14,0.0,0.9162371158599854
lowfield,sub-004_ses-01_acq-ax_run-07_T2w,sub-004,TE3,9,0.0,0.9271736741065979
lowfield,sub-004_ses-01_acq-ax_run-07_T2w,sub-004,TE3,10,0.0,0.9382538199424744
lowfield,sub-006_ses-01_acq-ax_run-07_T2w,sub-006,TE3,5,0.0,0.9566774964332581
lowfield,sub-006_ses-01_acq-ax_run-07_T2w,sub-006,TE3,6,0.0,0.9625457525253296
lowfield,sub-006_ses-01_acq-ax_run-07_T2w,sub-006,TE3,7,0.0,0.9748324155807495
lowfield,sub-006_ses-01_acq-cor_run-08_T2w,sub-006,TE3,6,0.0,0.9547107219696045
lowfield,sub-006_ses-01_acq-cor_run-08_T2w,sub-006,TE3,7,0.0,0.9157909750938416
lowfield,sub-006_ses-01_acq-cor_run-08_T2w,sub-006,TE3,8,0.003158726030960679,0.9088032245635986
lowfield,sub-006_ses-01_acq-cor_run-08_T2w,sub-006,TE3,9,0.0,0.9072389006614685
lowfield,sub-006_ses-01_acq-cor_run-08_T2w,sub-006,TE3,11,0.0,0.9191300868988037
lowfield,sub-006_ses-01_acq-cor_run-08_T2w,sub-006,TE3,12,0.0,0.9172124862670898
lowfield,sub-006_ses-01_acq-cor_run-08_T2w,sub-006,TE3,13,0.0,0.9178881645202637
lowfield,sub-006_ses-01_acq-cor_run-08_T2w,sub-006,TE3,14,0.0,0.9330578446388245
lowfield,sub-006_ses-01_acq-cor_run-08_T2w,sub-006,TE3,18,0.0,0.9277603030204773
lowfield,sub-006_ses-01_acq-sag_run-03_T2w,sub-006,TE1,10,0.042707860469818115,0.9236726760864258
lowfield,sub-006_ses-01_acq-sag_run-09_T2w,sub-006,TE3,5,0.0,0.9110802412033081
lowfield,sub-006_ses-01_acq-sag_run-09_T2w,sub-006,TE3,16,0.0,0.9047619104385376
lowfield,sub-006_ses-01_acq-sag_run-09_T2w,sub-006,TE3,17,0.0023350846022367477,0.9206847548484802
lowfield,sub-007_ses-01_acq-ax_run-07_T2w,sub-007,TE3,14,0.0,0.9351412057876587
lowfield,sub-007_ses-01_acq-ax_run-07_T2w,sub-007,TE3,18,0.0,0.9382638931274414
lowfield,sub-007_ses-01_acq-ax_run-07_T2w,sub-007,TE3,19,0.0,0.9512622356414795
lowfield,sub-007_ses-01_acq-ax_run-07_T2w,sub-007,TE3,20,0.0,0.9519317150115967
lowfield,sub-007_ses-01_acq-cor_run-05_T2w,sub-007,TE2,13,0.04126984253525734,0.9302123785018921
lowfield,sub-007_ses-01_acq-cor_run-05_T2w,sub-007,TE2,24,0.003561887890100479,0.9086021780967712
lowfield,sub-007_ses-01_acq-cor_run-08_T2w,sub-007,TE3,9,0.0,0.9547528624534607
lowfield,sub-007_ses-01_acq-cor_run-08_T2w,sub-007,TE3,10,0.0,0.9720708727836609
lowfield,sub-007_ses-01_acq-cor_run-08_T2w,sub-007,TE3,11,0.0,0.9406068325042725
lowfield,sub-007_ses-01_acq-cor_run-08_T2w,sub-007,TE3,12,0.0,0.951348066329956
lowfield,sub-007_ses-01_acq-cor_run-08_T2w,sub-007,TE3,13,0.0,0.9296460747718811
lowfield,sub-007_ses-01_acq-cor_run-08_T2w,sub-007,TE3,14,0.0,0.9489448666572571
lowfield,sub-007_ses-01_acq-cor_run-08_T2w,sub-007,TE3,15,0.0,0.9559561014175415
lowfield,sub-007_ses-01_acq-cor_run-08_T2w,sub-007,TE3,16,0.0,0.9754436016082764
lowfield,sub-007_ses-01_acq-cor_run-08_T2w,sub-007,TE3,17,0.0,0.9735099077224731
lowfield,sub-007_ses-01_acq-cor_run-08_T2w,sub-007,TE3,18,0.0,0.9721361994743347
lowfield,sub-007_ses-01_acq-cor_run-08_T2w,sub-007,TE3,19,0.0,0.983022928237915
lowfield,sub-007_ses-01_acq-cor_run-08_T2w,sub-007,TE3,20,0.0,0.9757785201072693
lowfield,sub-007_ses-01_acq-cor_run-08_T2w,sub-007,TE3,21,0.0,0.9484764337539673
lowfield,sub-007_ses-01_acq-cor_run-08_T2w,sub-007,TE3,22,0.0,0.9370220303535461
lowfield,sub-007_ses-01_acq-sag_run-03_T2w,sub-007,TE1,11,0.0,0.9310662746429443
lowfield,sub-007_ses-01_acq-sag_run-09_T2w,sub-007,TE3,5,0.0,0.982393741607666
lowfield,sub-007_ses-01_acq-sag_run-09_T2w,sub-007,TE3,6,0.0,0.983797013759613
lowfield,sub-007_ses-01_acq-sag_run-09_T2w,sub-007,TE3,7,0.0,0.983656108379364
lowfield,sub-007_ses-01_acq-sag_run-09_T2w,sub-007,TE3,14,0.05101275444030762,0.9596903324127197
lowfield,sub-007_ses-01_acq-sag_run-09_T2w,sub-007,TE3,15,0.0,0.9858874082565308
lowfield,sub-007_ses-01_acq-sag_run-09_T2w,sub-007,TE3,16,0.0,0.9339591860771179
highfield,sub-001_ses-01_acq-cor_run-08_T2w,sub-001,TE3,31,0.04412923380732536,0.926369845867157
highfield,sub-001_ses-01_acq-cor_run-08_T2w,sub-001,TE3,33,0.013564431108534336,0.9395866394042969
highfield,sub-001_ses-01_acq-cor_run-08_T2w,sub-001,TE3,37,0.0028409091755747795,0.915123462677002
highfield,sub-001_ses-01_acq-cor_run-08_T2w,sub-001,TE3,40,0.0,0.9041095972061157
highfield,sub-001_ses-01_acq-cor_run-08_T2w,sub-001,TE3,41,0.02870090678334236,0.9277504086494446
highfield,sub-001_ses-01_acq-cor_run-08_T2w,sub-001,TE3,46,0.0,0.905235230922699
highfield,sub-001_ses-01_acq-sag_run-09_T2w,sub-001,TE3,35,0.06876228004693985,0.9264781475067139
highfield,sub-001_ses-01_acq-sag_run-09_T2w,sub-001,TE3,36,0.0,0.9129738211631775
highfield,sub-001_ses-01_acq-sag_run-09_T2w,sub-001,TE3,41,0.021848740056157112,0.9396396279335022
highfield,sub-001_ses-01_acq-sag_run-09_T2w,sub-001,TE3,42,0.0,0.9343453645706177
highfield,sub-001_ses-01_acq-sag_run-09_T2w,sub-001,TE3,48,0.06288343667984009,0.9512194991111755
highfield,sub-001_ses-01_acq-sag_run-09_T2w,sub-001,TE3,50,0.0,0.9486755132675171
highfield,sub-001_ses-01_acq-sag_run-09_T2w,sub-001,TE3,51,0.021294021978974342,0.9358358979225159
highfield,sub-001_ses-01_acq-sag_run-09_T2w,sub-001,TE3,52,0.0,0.9147679209709167
highfield,sub-001_ses-01_acq-sag_run-09_T2w,sub-001,TE3,55,0.0,0.9392446875572205
highfield,sub-001_ses-01_acq-sag_run-09_T2w,sub-001,TE3,57,0.0,0.9369747638702393
highfield,sub-003_ses-01_acq-sag_run-09_T2w,sub-003,TE3,11,0.050086356699466705,0.9359095096588135
highfield,sub-003_ses-01_acq-sag_run-09_T2w,sub-003,TE3,50,0.0,0.9559321999549866
highfield,sub-003_ses-01_acq-sag_run-09_T2w,sub-003,TE3,53,0.0,0.9488465189933777
highfield,sub-005_ses-01_acq-ax_run-07_T2w,sub-005,TE3,56,0.06500732153654099,0.9249799251556396
highfield,sub-005_ses-01_acq-cor_run-08_T2w,sub-005,TE3,48,0.0,0.9616535902023315
highfield,sub-005_ses-01_acq-sag_run-09_T2w,sub-005,TE3,33,0.06807826459407806,0.9368204474449158
highfield,sub-005_ses-01_acq-sag_run-09_T2w,sub-005,TE3,38,0.09256449341773987,0.904685914516449
highfield,sub-005_ses-01_acq-sag_run-09_T2w,sub-005,TE3,63,0.0,0.9646643400192261
highfield,sub-005_ses-01_acq-sag_run-09_T2w,sub-005,TE3,64,0.0,0.9654800295829773
highfield,sub-005_ses-01_acq-sag_run-09_T2w,sub-005,TE3,65,0.0,0.9540832042694092
highfield,sub-005_ses-01_acq-sag_run-09_T2w,sub-005,TE3,66,0.0,0.9660256505012512
